,class,name,strlen
0,1.0,1_2229076_G_GTACTGGAAGGCGAGACCA,736
1,1.0,1_8358216_TGGTGGA_T,1012
2,1.0,1_8358216_T_TGGTGGA,1016
3,1.0,1_224398569_C_CATA,664
4,1.0,2_25240366_CAGA_C,913
5,1.0,2_188988083_CCCCCCAGGCCCTCCCGGT_C,1024
6,1.0,2_215408298_CTGT_C,1024
7,1.0,3_4815176_CAGA_C,1024
8,1.0,4_121855507_GTGC_G,673
9,1.0,4_157336479_AAGAAGCCTC_A,835
10,1.0,5_140114669_A_AGCGCGGCCGCTTCCT,329
11,1.0,5_140114870_GCTT_G,323
12,1.0,5_140114950_ATCACCG_A,322
13,1.0,6_33443378_AGGCGGCCATGGAGGGGGC_A,1024
14,1.0,6_79042891_TGAC_T,1024
15,1.0,7_27199949_T_TGCTGCAGCCGCC,394
16,1.0,7_70766234_AGCACCAGCACACCCACCAGCACAC_A,1024
17,1.0,7_80203752_TCAA_T,355
18,1.0,7_98930731_T_TATA,1024
19,1.0,7_100647491_CCTT_C,427
20,1.0,7_155803473_G_GAGCAGGTGCGCGGCGGTGAGC,471
21,1.0,8_60836974_ATCT_A,1024
22,1.0,8_60855999_GACA_G,1024
23,1.0,8_116847593_CAAG_C,632
24,1.0,9_35689795_ATCT_A,285
25,1.0,9_131521445_CGAA_C,726
26,1.0,9_137162013_AAAC_A,907
27,1.0,10_87864496_TAGCAGA_T,576
28,1.0,10_95633029_ATTATCT_A,795
29,1.0,10_129873538_ATGT_A,597
30,1.0,11_64607372_AGAG_A,1024
31,1.0,11_118488707_TGTC_T,1024
32,1.0,11_119278179_TATA_T,907
33,1.0,12_6591972_C_CCACATTCAG,1024
34,1.0,12_13567122_A_ATGAGGCTGAGAGCCATGGCCGCCCCCAACATGT,1024
35,1.0,12_49186360_TGTA_T,452
36,1.0,13_110449700_TCCCAGGGGC_T,1024
37,1.0,14_60648811_TCTC_T,285
38,1.0,14_102002829_TCCAAGTCTC_T,1024
39,1.0,15_25340174_CAAG_C,853
40,1.0,15_25356842_AAAG_A,853
41,1.0,16_3729690_C_CGGCACT,1024
42,1.0,16_56192343_ACTC_A,355
43,1.0,16_89275139_TGCTGCCTGAACA_T,1024
44,1.0,17_7851969_ACTT_A,1024
45,1.0,17_7885025_CCCGCCG_C,1024
46,1.0,17_44864984_TCAG_T,938
47,1.0,19_36067338_T_TTGTAGAGTCATTGCCCTC,1024
48,1.0,19_47484094_AGAAGCGCGT_A,435
49,1.0,19_50408817_TCTC_T,1024
50,1.0,20_10299376_T_TACACAGAATCGCCAGATCGAC,215
51,1.0,20_23365554_GACGTGAAGCGGC_G,709
52,1.0,20_50892283_ACTT_A,1024
53,1.0,20_63439609_CGAA_C,845
54,1.0,22_19761056_C_CCCG,401
55,1.0,X_10449538_TATC_T,668
56,1.0,X_20195088_GGAT_G,741
57,1.0,X_41216542_GGAAACA_G,1024
58,1.0,X_41343818_TGAA_T,662
59,1.0,X_41346916_ATCT_A,662
60,1.0,X_49076678_TTGG_T,361
61,1.0,X_53412220_A_AAGCGGCCTC,1024
62,1.0,X_71294467_GGGA_G,383
63,1.0,X_72568877_T_TAACTATCCTAATAATAACAGAGAGAAC,157
64,1.0,X_74521014_GTATGAT_G,539
65,1.0,X_111192586_TAAG_T,560
66,1.0,X_119582644_TATG_T,123
67,1.0,X_134425240_TGAA_T,366
68,1.0,X_153693348_TCAA_T,626
69,1.0,X_153693978_GTTC_G,626
70,0.0,1_26697249_CGGCGGG_C,1024
71,0.0,1_26697420_TGCGGCGGCGGCAGCTGCG_T,1024
72,0.0,1_154869854_TTGCTGCTGCTGC_T,729
73,0.0,1_202777051_AAAT_A,1024
74,0.0,2_15942680_CCCGCAGCCCCGG_C,462
75,0.0,2_176093082_T_TGCGGCG,347
76,0.0,2_188987108_TAGG_T,1024
77,0.0,3_119415385_AGACCCCTGGAGGGTTTACTCCCAG_A,1024
78,0.0,4_87614383_GCAACAGTAGCAGTGA_G,1024
79,0.0,4_87616421_CGACAGCAGTGATAGCAGT_C,1024
80,0.0,4_110618571_TGTC_T,325
81,0.0,5_13922109_TCTC_T,1024
82,0.0,5_14496967_AACGGTTATCGGAAGT_A,1024
83,0.0,5_14711239_CTCT_C,493
84,0.0,5_37010187_GAGA_G,1024
85,0.0,5_56881094_ATTGGTGGTG_A,1024
86,0.0,5_61332698_TGGCGGCGGCGGCGCG_T,1024
87,0.0,5_61332713_G_GGGC,1024
88,0.0,5_61332791_TGCCGCCGCC_T,1024
89,0.0,5_93585114_C_CGCGGCG,427
90,0.0,5_171392810_TCCA_T,295
91,0.0,6_1611316_GCGCCGCCGCCGCCCGCGCCCTCCGCCC_G,546
92,0.0,6_1611567_GGGCGGC_G,553
93,0.0,6_3156069_G_GATT,448
94,0.0,6_33438051_A_AGGGGGTGGGGGGGGGGGG,1024
95,0.0,6_156778586_GGGC_G,1024
96,0.0,6_156778847_GGGCGGCGGCGGCGGC_G,1024
97,0.0,6_156778865_C_CGGCGGCGGAGGAGGAGGA,1024
98,0.0,6_156778874_A_AGGAGGAGGAGGCAGC,1024
99,0.0,6_156778922_A_AGGAGGAGCAGGAGCG,1024
100,0.0,6_156778982_AGGCGGC_A,1024
101,0.0,7_27199656_G_GGGCCCGCCT,393
102,0.0,7_27199679_C_CGCG,391
103,0.0,7_27199685_GGCGGCGGCGGCGGCTGCAGCGGCAGCCGCGGCAGCA_G,378
104,0.0,7_27199700_TGCAGCGGCAGCCGCGGCA_T,384
105,0.0,7_74063318_CCCG_C,678
106,0.0,8_20204502_GAGT_G,512
107,0.0,8_60741495_T_TGAAGGCCTC,953
108,0.0,8_132480465_CCGCCTCCGCCGCCCCCGT_C,868
109,0.0,8_143824335_CCCGCTGCCA_C,562
110,0.0,9_2039764_A_ACAG,1024
111,0.0,9_2047277_TGCCCGCGCCCGGCGGCCGGCCCTC_T,1024
112,0.0,9_130681605_TCGCCGCCGCCGCCGC_T,364
113,0.0,9_136508927_GTCCTGACAGGTGCCGCCA_G,1024
114,0.0,11_694968_G_GCCGCCACAGCGGCCGCGGCCGCCA,575
115,0.0,11_44309713_G_GGCGGCTGGGGCTGCGGCTGCT,420
116,0.0,12_49033881_T_TTGCTGCTGC,1024
117,0.0,12_56178511_CCCCGTA_C,1024
118,0.0,12_121809927_CATT_C,1024
119,0.0,13_99985475_T_TGCGGCG,536
120,0.0,15_75409905_CTTG_C,1024
121,0.0,15_89333596_TTGCTGC_T,1024
122,0.0,15_89333596_TTGCTGCTGC_T,1024
123,0.0,15_98708024_TGGA_T,1024
124,0.0,16_3728301_CGCTGCT_C,1024
125,0.0,16_3728402_C_CTGCTGCTGCTGTTGCTGCTGTTGT,1024
126,0.0,16_79599192_CCCGCCGCCTCCGCCG_C,400
127,0.0,17_7890719_G_GGGA,1024
128,0.0,17_10409330_CAGA_C,1024
129,0.0,17_63964638_CGAA_C,1024
130,0.0,17_67825802_A_ACCG,1024
131,0.0,17_67826261_G_GGAAGACGAC,1024
132,0.0,17_82032960_TCTG_T,171
133,0.0,19_10986535_T_TGGCCCTGGACCCGGCCCGGGTCCC,1024
134,0.0,19_13298645_G_GGGGCCC,1024
135,0.0,19_18161449_G_GCGCCGC,732
136,0.0,19_18161449_GCGC_G,729
137,0.0,19_42249198_AAGG_A,549
138,0.0,20_51791164_T_TGGG,1024
139,0.0,20_62837154_G_GCTGGCCCCC,689
140,0.0,21_33552321_A_ACGCTCTATGATGTCAGCCTACGAG,1024
141,0.0,X_17727432_ATGT_A,1024
142,0.0,X_23392746_ATCT_A,889
143,0.0,X_25007238_A_AGGCGGC,566
144,0.0,X_77652333_CTCT_C,1024
145,0.0,X_111744725_TACCACCACCACC_T,1024
146,0.0,X_137566841_CGCCGCCGCCGCT_C,455
147,0.0,X_148966889_ACTG_A,1024
